artist_name,artist_id,artist_popularity,artist_n_followers,genre
*NSYNC,6Ff53KvcvAj5U7Z1vojB5o,70,2318795,pop
2 Chainz,17lzZA2AlOHwCwFALHttmp,76,7946831,rap
21 Savage,1URnnhqYAYcrqrcwql10ft,91,18021689,rap
2Pac,1ZwdS5xdxEREPySFridCfh,79,17506009,rap
3 Doors Down,2RTUTCvo6onsAnheUk3aL9,71,4285767,rock
311,41Q0HrwWBtuUkJc7C1Rp6K,63,1022284,alternative metal
42 Dugg,45gHcnDnMC15sgx3VL7ROG,71,1085192,trap
5 Seconds of Summer,5Rl15oVamLq7FbSb0NNBNy,77,9848206,pop
50 Cent,3q7HBObVc0L8jNeTe5Gofh,83,14042436,rap
6LACK,4IVAbR2w4JJNJDDRFP3E83,73,4638212,rap
A Boogie Wit da Hoodie,31W5EY0aAly4Qieq6OFu6I,80,8069601,rap
A Day To Remember,4NiJW4q9ichVqL1aUsgGAN,69,2289983,alternative metal
A Tribe Called Quest,09hVIj6vWgoCDtT03h8ZCa,67,2078600,hip hop
A$AP Ferg,5dHt1vcEm9qb8fCyLcB3HL,70,3727102,rap
A$AP Rocky,13ubrt8QOOCPljQ2FL1Kca,83,13770827,rap
AC/DC,711MCceyCBcFnzjGY4Q7Un,82,28064516,rock
AFROJACK,4D75GcNG95ebPtNvoNVXhz,73,3878605,dance pop
AJR,6s22t5Y3prQHyaHWUN1R1C,73,3270510,pov: indie
Aaliyah,0urTpYCsixqZwgNTkPJOJ4,67,4240843,dance pop
Adele,4dpARuHxo51G3z768sgnrY,85,54710372,pop
Adrianne Lenker,4aKWmkWAKviFlyvHYPTNQY,68,325083,indie pop
Aerosmith,7Ey4PD4MYsKc5I2dolUwbH,75,14060927,rock
Akon,0z4gvV4rjIZ9wHck67ucSV,81,4396229,dance pop
Al Green,3dkbV4qihUeMsqN4vBGg93,66,1931658,soul
Alabama,6rJqqRce0Kvo2dJUXoHleC,63,1365480,contemporary country
Alec Benjamin,5IH6FPUwQTxPSXurCrcIov,76,4976770,pop
Alejandro Fernández,6sq1yF0OZEWA4xoXVKW1L9,75,7389963,musica mexicana
Alejandro Sanz,5sUrlPAHlS9NEirDB8SEbF,75,7403087,latin pop
Alessia Cara,2wUjUUtkb5lvLKcGKsKqsR,72,11754963,pop
Alesso,4AVFqumd2ogHFlRbKIjp1t,73,3869129,pop
Alex Brightman,7abCELr0U2E5K2nPjVtWkN,68,51760,show tunes
Alex G,6lcwlkAjBPSKnFBZjjZFJs,75,1835125,pov: indie
Alfredo Olivas,5xYNmNkaWRqu3e5F4UXME8,81,7800032,musica mexicana
Alice In Chains,64tNsm6TnZe2zpcMVMOoHL,73,4963451,rock
Alicia Keys,3DiDSECUqqY1AuBP8qtaIa,79,11526591,pop
All Time Low,46gyXjRIvN1NL1eCB8GBxo,69,2990109,modern rock
Allman Brothers Band,4wQ3PyMz3WwJGI5uEqHUVR,63,1587669,rock
Alvaro Diaz,5J7rXWjtn5HzUkJ4Jet8Fr,72,615224,urbano latino
Amaarae,21UPYSRWFKwtqvSAnFnSvS,68,361903,alternative r&b
Aminé,3Gm5F95VdRxW3mqCn8RPBJ,67,1934556,rap
Ana Gabriel,41ESHLayJ5sDKjAOv6cMhe,73,4122363,latin pop
Anderson .Paak,3jK9MiCrA42lLAdMGUZpwa,76,2490190,hip hop
André 3000,74V3dE1a51skRkdII8y2C6,65,526478,hip hop
Anitta,7FNnA9vBm6EKceENgCGRMb,81,12369189,pop
Anne-Marie,1zNqDE7qDGCsyzJwohVaoX,78,11751879,pop
Anthony Ramos,660YptcR0hNHJ8iEr1qcse,66,149702,show tunes
Antonio Aguilar,0PN0fbe41KbuzlRYnoajNm,70,3160179,musica mexicana
Anuel AA,2R21vXR83lH98kGeO99Y66,87,35022850,urbano latino
Arctic Monkeys,7Ln80lUS6He07XvHI8qqHH,86,24162317,rock
Arcángel,4SsVbpTthjScTS7U2hmr1X,84,13721226,urbano latino
Aretha Franklin,7nwUJBm0HE4ZxD3f5cy5ok,70,3308471,soul
Ari Lennox,1vaQ6v3pOFxAIrFoPrAcom,66,766822,alternative r&b
Ariana Grande,66CXWjxzNUsdJxJ2JdwvnR,94,95766847,pop
Ariel Camacho y Los Plebes Del Rancho,2Lxa3SFNEW0alfRvtdXOul,68,3943883,musica mexicana
Armin van Buuren,0SfsnGyD8FpIN4U4WCkBZ5,75,4268247,pop dance
Ashanti,5rkVyNGXEgeUqKkB5ccK83,71,2999305,dance pop
Asking Alexandria,1caBfBEapzw8z2Qz9q0OaQ,65,2138345,alternative metal
Audioslave,2ziB7fzrXBoh1HUPS6sVFn,67,4414150,rock
Ava Max,4npEfmQ6YuiwW1GpUmaq3F,80,6701766,pop
Avenged Sevenfold,0nmQIMXWTXfhgOBdNzhGOs,76,6990740,alternative metal
Aventura,1qto4hHid1P71emI6Fd8xi,79,7725618,urbano latino
Avicii,1vCWHaC5f2uS3yhpwWbIA6,81,22652712,pop
Avril Lavigne,0p4nmQO2msCgU4IF37Wi3j,76,10734883,pop
B.o.B,5ndkK3dpZLKtBklKjxNQwT,72,2023169,rap
BLACKPINK,41MozSoPIsD1dJM0CLPjZF,81,48441407,pop
BROCKHAMPTON,1Bl6wpkWCQ4KVgnASpvzzA,65,2205902,rap
BTS,3Nrfpe0tUJi4K4DXYWgMUX,87,72435259,pop
Baby Keem,5SXuuuRpukkTvsLuUknva1,78,2226963,rap
Backstreet Boys,5rSXSAkZ67PYJSvpUpkOr7,75,5567013,pop
Bad Bunny,4q3ewBCX7sLwd24euuV69X,95,80246189,urbano latino
Bad Gyal,4F4pp8NUW08JuXwnoxglpN,75,1547196,urbano latino
Bad Wolves,0eI3X5rAzHRZVe5FPk4MN1,66,701407,alternative metal
Bailey Zimmerman,3win9vGIxFfBRag9S63wwf,75,1049894,contemporary country
Banda El Recodo,6AcOTCYBMvjKYy4zms0kaC,72,3648976,musica mexicana
Banda MS de Sergio Lizárraga,2C6i0I5RiGzDKN9IAF8reh,79,17187091,musica mexicana
Bas,70gP6Ry4Uo0Yx6uzPIdaiJ,70,563384,rap
Bastille,7EQ0qTo7fWT7DPxmxtSYEc,76,5477770,pop
Bazzi,4GvEc3ANtPPjt1ZJllr5Zl,69,5445607,pop
Beach Bunny,2vnB6tuQMaQpORiRdvXF9H,69,1385685,pov: indie
Beach House,56ZTgzPBDge0OvCGgMO3OY,72,2150444,pov: indie
Beach Weather,7I3bkknknQkIiatWiupQgD,70,579324,pov: indie
Beastie Boys,03r4iKL2g2442PT9n2UKsx,69,2745261,rap
Bebe Rexha,64M6ah0SkkRsnPGtGiRAbb,80,8979706,pop
Beck,3vbKDsSS70ZX9D2OcvbZmS,66,1524816,rock
Becky G,4obzFoKoKRHIphyHzJ35G3,78,14357390,urbano latino
Becky Hill,4EPJlUEBy49EX1wuFOvtjK,74,777410,pop dance
Benson Boone,22wbnEMDvgVIAGdFeek6ET,87,2147238,singer-songwriter pop
Bethel Music,26T4yOaOoFJvUvxR87Y9HO,70,1773881,ccm
Beyoncé,6vWDO969PvNqNYHIOW5v0m,93,37071084,pop
Big Sean,0c173mlxpT3dSFRgMO8XPh,76,11040842,rap
Big Thief,5QdyldG4Fl4TPiOIeMNpBZ,67,767747,indie pop
Bill Withers,1ThoqLcyIYvZn7iWbj8fsj,75,1671556,soul
Billie Eilish,6qqNVTkY8uBg9cP3Jd7DAH,89,93317954,pop
Billy Currington,1By9QBFnjZAoI83BZppHlt,65,2562654,contemporary country
Billy Idol,7lzordPuZEXxwt9aoVZYmG,70,1925367,rock
Billy Joel,6zFYqv1mOsgBRQbae3JJ9e,78,5841608,rock
Bizarrap,716NhGYqD1jl2wI1Qkgq36,85,14850947,urbano latino
Black Eyed Peas,1yxSLGMDHlW21z4YXirZDS,80,8003863,pop
Black Sabbath,5M52tdBnJaKSvOpJGz8mfZ,73,7686778,rock
Blake Shelton,1UTPBmNbXNTittyMJrNkvw,69,7079350,contemporary country
Bleachers,2eam0iDomRHGBypaDQLwWI,70,717106,pov: indie
Blessd,1TA5sGRlKUJXBN4ZyJuDIX,78,3676536,urbano latino
Blondie,4tpUmLEVLCGFr93o8hFFIB,70,1437176,rock
Bo Burnham,2Waw2sSbqvAwK8NwACNjVo,68,1874776,pov: indie
Bob Dylan,74ASZWbe4lXaubB36ztrGX,71,6386449,rock
Bob Seger,485uL27bPomh29R4JmQehQ,68,2344585,rock
Bon Iver,4LEiUm1SRbFMgfqnQTwUbQ,76,3551029,modern rock
Bon Jovi,58lV9VcRSjABbAbfWS6skp,79,13027105,rock
Bone Thugs-N-Harmony,5spEJXLwD1sKUdC2bnOHPg,66,2947759,rap
Boosie Badazz,6z7xFFHxYkE9t8bwIF0Bvg,63,2330451,trap
Bootsy Collins,5K0rbdBrs2tNXe5LeWMATT,66,393308,soul
Boston,29kkCKKGXheHuoO829FxWK,67,2685194,rock
Brad Paisley,13YmWQJFwgZrd4bf5IjMY4,65,2738197,contemporary country
Brandon Lake,1bdnGJxkbIIys5Jhk1T74v,71,513425,ccm
Brantley Gilbert,5q8HGNo0BjLWaTAhRtbwxa,65,2932925,contemporary country
Breaking Benjamin,5BtHciL0e0zOP7prIHn3pP,71,4526641,alternative metal
Brent Faiyaz,3tlXnStJ1fFhdScmQeLpuG,84,5744285,rap
Brett Young,0fiWOxhsBsQQvFDtxUQWo0,66,1096013,contemporary country
Bring Me The Horizon,1Ffb6ejR6Fe5IamqA5oRUF,78,5424142,rock
Britney Spears,26dSoYclwsYLMAKD3tpOr4,81,14165516,pop
Bronco,0VKh7CQDi9MkUvaBMoK1V0,74,3453349,musica mexicana
Brooke Ligertwood,7iETGaxJ4crz3qaljDPCKC,67,106733,ccm
Brooks & Dunn,0XKOBt59crntr7HQXXO8Yz,70,2823971,contemporary country
Brothers Osborne,39NR3AUhpbbqKM33vWn2fp,63,1235406,contemporary country
Brray,1GKIlPFdcewHtpDVCQ8zmJ,75,376717,urbano latino
Bruce Springsteen,3eqjTLE0HfPfh78zjh6TqT,76,6163241,rock
Bruno Mars,0du5cEVh5yTK9QJze8zA0C,89,54410082,pop
Bryan Martin,0ChjBYedhZTQnWZWQYg15U,70,146071,modern country pop
Bryant Myers,6w9ToX5slZ4uIdmD17hJ3c,81,10650788,urbano latino
Bryson Tiller,2EMAnMvWE2eb56ToJVfCWs,84,8227706,rap
Brytiago,00XhexlJEXQstHimpZN910,74,6715840,urbano latino
Bullet For My Valentine,7iWiAD5LLKyiox2grgfmUT,67,2938860,alternative metal
Busta Rhymes,1YfEcTuGvBQ8xSD1f53UnK,71,2682734,rap
BØRNS,1KP6TWI40m7p3QBTU6u2xo,67,1251324,pov: indie
Cage The Elephant,26T3LtbuGT1Fu9m0eRq5X3,75,3640832,rock
Calibre 50,4jogXSSvlyMkODGSZ2wc2P,74,10926215,musica mexicana
Calle 24,6dLuQ5qXxIuWc5urxfIiZR,77,894443,corrido
Calum Scott,6ydoSd3N2mwgwBHtF6K7eX,75,5536138,pop
Calvin Harris,7CajNmpbOovFoOoasH2HaY,86,22518274,pop
Camila,2gRP1Ezbtj3qrERnd0XasU,72,4370089,latin pop
Camila Cabello,4nDoRrQiYLoBzwC5BhVJzF,81,32667769,pop
Camilo,28gNT5KBp7IjEOQoevXf9N,79,18755363,latin pop
Cardenales De Nuevo León,0GpuSge5ffZ053NhXxgQkV,73,2147248,musica mexicana
Cardi B,4kYSro6naA4h99UJvo89HB,81,23558568,pop
Carin Leon,66ihevNkSYNzRAl44dx6jJ,86,10994351,musica mexicana
Carlos Vives,4vhNDa5ycK0ST968ek7kRr,73,5990829,latin pop
Carly Pearce,4sIl4BTo9l9KqEi0Y3RE72,65,414005,contemporary country
Carly Rae Jepsen,6sFIWsNpZYqfjUpaCgueju,72,4861688,pop
Carrie Underwood,4xFUf1FHVy696Q1JQZMTRj,70,5877255,pop
Casting Crowns,6eJqAWJdd8JhAN1pQGie4r,64,2022910,ccm
Cavetown,2hR4h1Cao2ueuI7Cx9c7V8,70,4049093,pov: indie
Chalino Sanchez,7u9m43vPVTERaALXXOzrRq,70,2826255,musica mexicana
Chance Peña,4lhUHpVOXmkEBGGHV71QCh,73,305270,singer-songwriter pop
Chance the Rapper,1anyVhU62p31KFi8MEzkbf,73,5942596,rap
Chappell Roan,7GlBOeep6PqTfFi59PTUUN,75,399245,indie pop
Charles Wesley Godwin,2ErsJAz6qJ5cqjoVAvfvaC,63,130688,modern country pop
Charli XCX,25uiPmTg16RbhZWAqwLBy5,77,3103834,pop
Charlie Puth,6VuMaDnrHyPL1p4EHjYLi7,80,22385414,pop
Chase Atlantic,7cYEt1pqMgXJdq00hAwVpT,80,6979397,alternative r&b
Chase Matthew,7HTLVyjNf0VRxfIgNcfRRH,66,248402,modern country pop
Chayanne,1JbemQ1fPt2YmSLjAFhPBv,73,7754716,latin pop
Chencho Corleone,37230BxxYs9ksS7OkZw3IU,79,860906,urbano latino
Chevelle,56dO9zeHKuU5Gvfc2kxHNw,64,1819757,alternative metal
Chicago,3iDD7bnsjL9J4fO298r0L0,69,3987073,rock
Chief Keef,15iVAtD3s3FsQR4w1v6M0P,77,4694491,rap
Childish Gambino,73sIBHcqh3Z3NyqHKZ7FOL,79,12418400,rap
Chino Pacas,2rmkQLzj0k4nZdQehOUByO,80,1808924,corrido
Chris Brown,7bXgB6jMjp9ATFy66eO08Z,87,21330326,rap
Chris Jedi,0qTZZWLzuD59Un5r1speHm,73,2613920,urbano latino
Chris Lake,5Igpc9iLZ3YGtKeYfSrrOE,69,320366,pop dance
Chris Stapleton,4YLtscXsxbVgi031ovDDdh,82,6843035,contemporary country
Chris Tomlin,6pRi6EIPXz4QJEOEsBaA0m,67,1844464,ccm
Chris Young,4BYxqVkZyFjtik7crYLg5Q,67,2746585,contemporary country
Christian Borle,3mXvO1rdMCgdOYNiWeduWG,67,27625,show tunes
Christian Nodal,0XwVARXT135rw8lyw1EeWP,82,14316983,musica mexicana
Christina Aguilera,1l7ZsJRRS8wlW3WfJfPfNS,78,8097235,pop
Christina Perri,7H55rcKCfwqkyDFH9wpKM6,71,3735886,pop
Christopher Jackson,6sLwRSXSUF5JTUnQaFenyj,66,49181,show tunes
Ciara,2NdeV5rLm47xAvogXrYhJX,70,6444898,pop
Clairo,3l0CmX0FuQjFxr8SK7Vqag,77,4662120,pov: indie
Clave Especial,0NlNru2YcUz6RbnpYGQz26,69,77323,corrido
Clean Bandit,6MDME20pz9RveH9rEXvrOM,74,5372036,pop
Cody Carnes,7apN8bBgl19E0Ona9pvPq0,63,215069,ccm
Cody Johnson,6zLBxLdl60ekBLpawtT63I,75,1215340,contemporary country
Colbie Caillat,6aZyMrc4doVtZyKNilOmwu,68,2473479,pop
Coldplay,4gzpq5DPGxSnKTe4SA8HAU,88,49843384,pop
Cole Swindell,1mfDfLsMxYcOOZkzBxvSVW,65,2268909,contemporary country
Conan Gray,4Uc8Dsxct0oMqx0P6i60ea,81,9479471,pop
Conjunto Primavera,3nFB4eMP5gdqee2eQb8nZb,72,2831050,musica mexicana
Connor Price,5zixe6AbgXPqt4c1uSl94L,75,1270128,singer-songwriter pop
Cordae,0huGjMyP507tBCARyzSkrv,66,2002618,rap
Corey Kent,3sUpZrkehiGBaMzs2h9Mmc,63,148260,modern country pop
Cory Asbury,2gXmjQIxCO8lMnSncluZaU,63,581880,ccm
Cosculluela,00me4Ke1LsvMxt5kydlMyU,73,5898631,urbano latino
Counting Crows,0vEsuISMWAKNctLlUAhSZC,68,1736217,rock
Creed,43sZBwHjahUvgbx1WNIkIz,70,3238686,alternative metal
Creedence Clearwater Revival,3IYUhFvPQItj6xySrBmZkd,81,6449598,rock
Cris Mj,1Yj5Xey7kTwvZla8sqdsdE,84,2207369,urbano latino
Crowder,39xmI59WrIMyyJjSDq6WCu,61,431703,ccm
Cults,3Oim8XBPbznAa8Jj8QzNc8,70,860119,pov: indie
Current Joys,0m5FakHKCQdA7UN0PIzMcL,69,1221227,pov: indie
Cyndi Lauper,2BTZIqw0ntH9MvilQ3ewNY,73,2627953,dance pop
Código FN,4A4qYy2jK9DDN1OHV0nLkH,70,1063044,musica mexicana
DJ Khaled,0QHgL1lAIqAw0HtD7YldmP,75,11163226,rap
DJ Luian,64aJYyrXljOodnUG6jvhRD,76,2143607,urbano latino
DJ Nelson,2ydZrTy8U3kOMOzx20s3dg,72,1147455,urbano latino
DJ Snake,540vIaP2JwjQb9dm3aArA4,78,8532540,pop
DMX,1HwM5zlC5qNWhJtM00yXzG,71,4973742,rap
DaBaby,4r63FhuTkUYltbVAg5TQnk,79,11826195,rap
Daddy Yankee,4VMYDCV2IEDYJArk749S6m,86,33444721,urbano latino
Daft Punk,4tZwfgrHOc3mvqYlEYSvVi,81,9782033,rock
Dalex,0KPX4Ucy9dk82uj4GpKesn,79,4830187,urbano latino
Dan + Shay,7z5WFjZAIYejWy0NI5lv4T,71,3131272,contemporary country
Danny Ocean,5H1nN1SzW0qNeUEZvuXjAj,76,5346746,urbano latino
Darell,1TtXnWcUs0FCkaZDPGYHdf,77,4332155,urbano latino
Darius Rucker,7FY5V3XMwlNBPitEjXowHQ,67,2529352,contemporary country
Daryl Hall & John Oates,77tT1kLj6mCWtFNqiOmP9H,76,2360445,rock
Daughtry,5P5FTygHyx2G57oszR3Wot,65,2129799,alternative metal
Daveed Diggs,3twuAojvYNrlWZpMkxLm3P,71,107435,show tunes
David Bowie,0oSGxfWSnnOXhD2fKuz2Gy,77,10281170,rock
David Guetta,1Cs0zKBU1kc0i8ypK3B9ai,88,25370438,pop
David Kushner,33NVpKoXjItPwUJTMZIOiY,77,2090626,singer-songwriter pop
Daya,6Dd3NScHWwnW6obMFbl1BH,69,1569829,pop
De La Ghetto,3EiLUeyEcA6fbRPSHkG5kb,78,7114540,urbano latino
DeJ Loaf,7kFfY4UjNdNyaeUgLIEbIF,68,1732818,trap
Dean Lewis,3QSQFmccmX81fWCUSPTS7y,76,3083227,pop
Death Cab for Cutie,0YrtvWJMgSdVrk3SfNjTbx,63,1501167,modern rock
Declan McKenna,2D4FOOOtWycb3Aw9nY5n3c,69,990467,pov: indie
Def Leppard,6H1RjVyNruCmrBEWRbD0VZ,70,4843932,rock
Deftones,6Ghvu1VvMGScGpOUJBAHNH,79,5262047,rock
Dei V,2YRyPiW98bpkARAS4B3OQP,81,676909,urbano latino
Demi Lovato,6S2OmqARrzebs0tKUEyXyp,77,26251958,pop
Denzel Curry,6fxyWrfmjcbj5d12gXeiNV,69,2495201,rap
Depeche Mode,762310PdDnwsDxAQxzQkfX,74,6187667,rock
Destiny's Child,1Y8cdNmUJH7yBTd9yOvr5i,72,7043862,pop
Diddy,59wfkuBoNyhDMQGCljbUbA,72,1645408,rap
Dido,2mpeljBig2IXLXRAFO9AAs,75,1763735,dance pop
Dierks Bentley,7x8nK0m0cP2ksQf0mjWdPS,68,3049648,contemporary country
Dimitri Vegas & Like Mike,73jBynjsVtofjRpdpRAJGk,74,3404643,pop dance
Diplo,5fMUXHkw8R8eOP2RNVYEZX,77,2579414,dance pop
Dire Straits,0WwSkZ7LtFUFjGjMZBMt6T,76,7359997,rock
Disturbed,3TOqt5oJwL9BE2NG9MEwDa,76,6504334,rock
Djo,5p9HO3XC5P3BLxJs5Mtrhm,82,1219315,pov: indie
Doechii,4E2rKHVDssGJm2SCDOMMJB,68,448965,alternative r&b
Doja Cat,5cj0lLjcoR7YOSnhnX0Po5,87,29402796,pop
Dominic Fike,6USv9qhCn6zfxlBQIYJ9qs,77,1620478,pov: indie
Don Omar,33ScadVnbm2X8kkUqOkC6Z,83,11143817,urbano latino
Don Toliver,4Gso3d4CscCijv0lmajZWs,83,4106133,rap
Dove Cameron,2W8yFh0Ga6Yf3jiayVxwkE,71,4850145,pop
Dr. Dre,6DPYiyq5kWVQS4RGwxzPC7,79,11464187,rap
Drake,3TVXtAsR1Inumwj472S9r4,96,86436237,rap
Dreamville,1iNqsUDUraNWrj00bqssQG,67,653023,rap
Dua Lipa,6M2wZ9GZgrQXHCFfjv46we,89,43040917,pop
Duelo,0nnp7oJpY2J6yZOqtdKaWq,70,1827094,musica mexicana
Duki,1bAftSH8umNcGZ0uyV7LMg,82,10308085,urbano latino
Duran Duran,0lZoBs4Pzo7R89JM9lxwoT,69,2933911,rock
Dustin Lynch,1dID9zgn0OV0Y8ud7Mh2tS,66,2337688,contemporary country
Dylan Gossett,4H4M0Y4cN39zIVDHvdW53x,69,209869,modern country pop
Dylan Scott,78YqeIji3mgAS2K1Maca6x,71,1628626,contemporary country
Dímelo Flow,3fZk3Gm5dN5v5yfYMQ04Bx,76,429001,urbano latino
EARTHGANG,5MbNzCW3qokGyoo9giHA3V,63,841744,rap
ERNEST,4GGfAshSkqoxpZdoaHm7ky,69,140621,modern country pop
Eagles,0ECwFtbIWEVNwjlrfc6xoL,75,10458390,rock
Earl Sweatshirt,3A5tHz1SfngyOZM2gItYKu,69,2199354,rap
"Earth, Wind & Fire",4QQgXkCYTt3BlENzhyNETg,74,4194167,soul
Eazy-E,7B4hKK0S9QYnaoqa9OuwgX,65,5773637,rap
Ed Sheeran,6eUKZXaKkcviH0Ku9w2n3V,87,113743502,pop
Eden Muñoz,1gJdf4Yybu4X5A2xYV3NMV,76,1515371,musica mexicana
Edgardo Nuñez,0mA4dkNGiN4fqTBi2SLlAv,76,1706901,corrido
El Alfa,2oQX8QiMXOyuqbcZEFsZfm,79,3346425,urbano latino
El Fantasma,0my6Pg4I28dVcZLSpAkqhv,73,6081100,musica mexicana
El Komander,2wC90WSKQd0BvdxJZ0mObr,71,3815697,musica mexicana
El Makabelico,0rJ0xlAQI0wLRucDRoQQbO,70,2587091,corrido
Eladio Carrion,5XJDexmWFLWOkjOEjOVX3e,83,6512232,urbano latino
Electric Light Orchestra,7jefIIksOi1EazgRTfW2Pk,71,3977734,rock
Elevation Worship,3YCKuqpv9nCsIhJ2v8SMix,75,3213905,ccm
Ella Henderson,7nDsS0l5ZAzMedVRKPP8F1,73,1602457,dance pop
Ella Mai,7HkdQ0gt53LP4zmHsL0nap,68,5420596,rap
Ellie Goulding,0X2BH1fck6amBIoJhDVmmJ,79,12304178,pop
Elton John,3PhoLpVuITZKcymswpck5b,83,13060620,rock
Eminem,7dGJo4pcD2V6oG8kP0tJRR,90,82915305,rap
Enrique Iglesias,7qG3b048QCHVRO5Pv1T5lw,79,10842282,dance pop
Eric Church,2IvkS5MXK0vPGnwyJsrEyV,73,3797914,contemporary country
Eric Clapton,6PAt558ZEZl0DmdXlnjMgD,71,5735021,rock
Erykah Badu,7IfculRW2WXyzNQ8djX8WX,68,2851869,r&b
Eslabon Armado,0XeEobZplHxzM9QzFQWLiR,78,5386610,corrido
Estelle,5T0MSzX9RC5NA6gAI6irSn,66,285367,r&b
Etta James,0iOVhN3tnSvgDbcg25JoJb,70,1638506,soul
Evanescence,5nGIFgo0shDenQYSE0Sn7c,73,4348767,alternative metal
Eve,4d3yvTptO48nOYTPBcPFZC,68,1357468,dance pop
Eyedress,3XxNRirzbjfLdDli06zMaB,76,1840407,pov: indie
FINNEAS,37M5pPGs6V1fchFJSgCguX,67,1934879,pop
FLETCHER,5qa31A9HySw3T7MKWI9bGg,70,891752,pop
Fabolous,0YWxKQj2Go9CGHCp77UOyy,65,2632018,rap
Fall Out Boy,4UXqAaa6dQYAk18Lv7PEgX,80,10499632,pop
Falling In Reverse,2CmaKO2zEGJ1NWpS1yfVGz,71,3035432,alternative metal
Farruko,329e4yvIujISKGKz1BZZbO,82,15506803,urbano latino
Fat Joe,3ScY9CQxNLQei8Umvpx5g6,67,1759809,rap
Faye Webster,5szilpXHcwOqnyKLqGco5j,72,1144104,indie pop
Feid,2LRoIwlKmHjgvigdNGBHNo,91,10657226,urbano latino
Felix Jaehn,4bL2B6hmLlMWnUEZnorEtG,74,1271519,pop dance
Fergie,3r17AfJCCUqC9Lf0OAc73G,69,5651144,pop
Fetty Wap,6PXS4YHDkKvl1wkIl4V8DL,71,4568535,rap
Fitz and The Tantrums,4AcHt3JxKy59IX7JNNlZn4,69,900291,pov: indie
Five Finger Death Punch,5t28BP42x2axFnqOOMg3CM,74,6271070,alternative metal
Fivio Foreign,14CHVeJGrR5xgUGQFV5BVM,69,1288749,trap
Fleetwood Mac,08GQAI4eElDnROBrJRGE0X,81,11247563,rock
Flo Rida,0jnsk9HBra6NMjO2oANoPY,80,8424551,pop
Florence + The Machine,1moxjboGR7GNWYIMWsRjgG,76,6585394,modern rock
Florida Georgia Line,3b8QkneNDz4JHKKKlLgYZg,74,5356512,contemporary country
Foo Fighters,7jy3rLJdDQY21OgRLCZ9sD,78,11582067,rock
Foreigner,6IRouO5mvvfcyxtPDKMYFN,69,3103083,rock
Foster The People,7gP3bB2nilZXLfPHJhMdvc,72,3721642,rock
Freddie Gibbs,0Y4inQK6OespitzD6ijMwb,65,1258039,rap
French Montana,6vXTefBL93Dj5IqAWq6OTv,76,5359323,rap
Fuerza Regida,0ys2OFYzWYB5hRDLCsBqxt,89,8209100,corrido
Future,1RyvyyTE3xzB2ZywiAwp0i,94,16571399,rap
G Herbo,5QdEbQJ3ylBnc3gsIASAT5,69,2067768,trap
G-Eazy,02kJSzxNuaWGqwubyUba0Z,78,5237779,rap
GROUPLOVE,3kVUvbeRdcrqQ3oHk5hPdx,65,1162130,pov: indie
Gabby Barrett,6Iz3eq2aQGFf7TbGT2iahL,63,334145,contemporary country
Gabito Ballesteros,6Sbl0NT50roqWvy746MfVf,83,2396979,corrido
Galantis,4sTQVOfp9vEMCemLw50sbu,72,3329085,pop
Gavin Adcock,5jG6uRqinuI83luutMpW6y,65,98337,modern country pop
George Harrison,7FIoB5PHdrMZVC3q2HE5MS,67,2629491,rock
George Strait,5vngPClqofybhPERIqQMYd,73,4210662,contemporary country
Gerardo Ortiz,4J13m9IZh03PEhoxAxRhXO,73,7521082,musica mexicana
Giveon,4fxd5Ee7UefO4CUXgwJ7IP,76,3687636,r&b
Glass Animals,4yvcSjfu4PC0CYQyLy4wSq,76,4067900,pov: indie
Godsmack,6gZq1Q6bdOxsUPUG1TaFbF,68,3172016,alternative metal
GoldLink,5XenQ7XfcvQdfIbpLEFaKQ,65,884879,alternative r&b
Gorillaz,3AA28KZvwAUcZuOKwyblJQ,79,11420503,rock
Green Day,7oPftvlwr6VrsViSDV7fJY,80,14705183,rock
Greta Van Fleet,4NpFxQe2UvRCAjto3JqlSl,67,2553712,rock
Grupo Bryndis,44WCHvwXBOMz6nm7Mu2ReO,72,2322432,musica mexicana
Grupo Firme,1dKdetem2xEmjgvyymzytS,80,12326169,musica mexicana
Gryffin,2ZRQcIgzPCVaT9XKhXZIzh,68,945581,pop dance
Gucci Mane,13y7CgLHjMVRMDqxdx0Xdo,77,5359465,rap
Gunna,2hlmm7s2ICUX0LVIhVFlZQ,84,6982439,rap
Guns N' Roses,3qm84nBOXUEQ2vnTfUTTFC,79,30365232,rock
Gwen Stefani,4yiQZ8tQPux8cPriYMWUFP,73,6409244,pop
Gym Class Heroes,4IJczjB0fJ04gs4uvP0Fli,69,1451874,dance pop
H.E.R.,3Y7RZ31TRPVadSFVy1o8os,75,7424546,rap
HARDY,5QNm7E7RU2m64l6Gliu8Oy,74,847903,contemporary country
HIXTAPE,4Y8LpEiP4uKTP02lSYEWJV,65,78154,modern country pop
Hades66,4CQdcx66F116k2db2Y0rjE,73,422209,urbano latino
Hailee Steinfeld,5p7f24Rk5HkUZsaS3BLG5F,68,8780109,pop
Halsey,26VFTg2z8YR0cCuwLzESi2,81,21371930,pop
Harry Styles,6KImCVD70vtIoJWnq6nGn3,85,31734988,pop
Heart,34jw2BbxjoYalTp8cJFCPv,68,2522814,rock
Herencia de Patrones,1Q6SZxTvaE3HhslV0iXbI6,69,2310683,corrido
Hermanos Espinoza,1V0BgbhknuuZIMxKO0M9FV,69,146912,corrido
Hillsong UNITED,74cb3MG0x0BOnYNW1uXYnM,70,3897555,ccm
Hillsong Worship,3SgHzT552wy2W8pNLaLk24,74,5585117,ccm
Hollywood Undead,0CEFCo8288kQU7mJi25s6E,68,2328615,alternative metal
Hozier,2FXC3k01G6Gw61bmprjgqS,87,6805715,pov: indie
I Prevail,3Uobr6LgQpBbk6k4QGAb3V,69,1427262,alternative metal
ILLENIUM,45eNHdiiabvmbp4erw26rg,71,1489437,pop dance
IU,3HqSLMAZ3g3d5poNaI7GOU,73,8491711,pop
Ice Cube,3Mcii5XWf6E0lrY3Uky4cA,74,8314610,rap
Icona Pop,1VBflYyxBhnDc9uVib98rw,69,691572,dance pop
Idina Menzel,73Np75Wv2tju61Eo9Zw4IR,69,460416,show tunes
Iggy Azalea,5yG7ZAZafVaAlMTeBybKAL,68,6476794,pop
Imagine Dragons,53XhwfbYqKCa1cC15pYq2q,87,51974409,pop
Incubus,3YcBF2ttyueytpXtEzn1Za,70,3193746,rock
Internet Money,6MPCFvOQv5cIGfw3jODMF0,67,810593,trap
Intocable,108moq3rq6bm1M4Ypz0J02,72,3700721,musica mexicana
Iron Maiden,6mdiAmATAx73kdxrNrnlao,72,8864348,rock
Isaiah Rashad,6aaMZ3fcfLv4tEbmY7bjRM,68,1414241,rap
J Balvin,1vyhD5VmyZ7KMfW5gqLgo5,86,36534317,urbano latino
J. Cole,6l3HvQ5sa6mXTsMTB19rO5,88,23216128,rap
JAY-Z,3nFkdlSjzX9mRTtwJOzDYB,84,8947493,rap
JID,6U3ybJ9UHNKEdsH7ktGBZ7,78,1693422,rap
JVKE,164Uj4eKjl6zTBKfJLFKKK,77,4179287,pov: indie
Ja Rule,1J2VVASYAamtQ3Bt8wGgA6,69,1819146,rap
Jack Harlow,2LIk90788K0zvyj2JJVwkJ,83,3709902,rap
Jacquees,4tMm1dU6Gn04VAZ9ClHcIZ,68,2780910,rap
Jake Owen,1n2pb9Tsfe4SwAjmUac6YT,65,1880166,contemporary country
James Arthur,4IWBUUAFIplrNtaOHcJPRM,82,16345848,pop
James Bay,4EzkuveR9pLvDVFNx6foYD,70,3975381,pop
Jamie Foxx,7LnaAXbDVIL75IVPnndf7w,70,1196586,trap
Janelle Monáe,6ueGR6SWhUJfvEhqkvMsVs,67,1444928,r&b
Jasiel Nuñez,0T8Ix53aIN4F7aEKj4EnKy,73,446232,corrido
Jason Aldean,3FfvYsEGaIb52QPXhg4DcH,74,6319442,contemporary country
Jason Derulo,07YZf4WDAMNwqr4jfgOZ8y,79,11903915,pop
Jason Mraz,4phGZZrJZRo4ElhRtViYdl,72,7120995,pop
Jax Jones,4Q6nIcaBED8qUel8bBx6Cr,73,1163208,dance pop
Jay Rock,28ExwzUQsvgJooOI0X1mr3,71,1461448,rap
Jay Wheeler,2cPqdH7XMvwaBJEVjheH8g,77,3998721,urbano latino
Jeezy,4yBK75WVCQXej1p04GWqxH,70,2357102,rap
Jenni Rivera,5c4wQaXkNDqSOTjqX4ExAu,69,4380530,musica mexicana
Jennifer Lopez,2DlGxzQSjYe5N6G9nkYghR,76,12764085,pop
Jeremih,3KV3p5EY4AvKxOlhGHORLg,73,6532050,trap
Jeremy Jordan,0vKWxtht5v5MoAu4DID0Ub,70,91140,show tunes
Jeremy Zucker,3gIRvgZssIb9aiirIg0nI3,68,2249985,pop
Jess Glynne,4ScCswdRlyA23odg9thgIO,73,3023696,pop
Jesse & Joy,1mX1TWKpNxDSAH16LgDfiR,74,8532651,latin pop
Jessie J,2gsggkzM5R49q6jpPvazou,72,11542830,pop
Jessie Murph,2yLzlEFtIS0Q9UkyBZdQA7,73,918706,modern country pop
Jhayco,6nVcHLIgY5pE2YCl8ubca1,82,7490465,urbano latino
Jhené Aiko,5ZS223C6JyBfXasXxrRqOk,78,7528450,r&b
Jimi Hendrix,776Uo845nYHJpNaStv1Ds4,69,6599836,rock
Jimmy Eat World,3Ayl7mCk0nScecqOzvNp6s,69,1528046,rock
Joan Sebastian,7FsRH5bw8iWpSbMX1G7xf1,77,9699958,musica mexicana
Joe Diffie,3THMgU4KdL7LlO5TEREs2g,64,797628,contemporary country
Joey Bada$$,2P5sC9cVZDToPxyomzF1UH,72,3402722,rap
John Legend,5y2Xq6xcjJb2jVM54GHK3t,76,6685970,pop
John Mellencamp,3lPQ2Fk5JOwGWAF3ORFCqH,65,1677016,rock
John Summit,7kNqXtgeIwFtelmRjWv205,71,259655,pop dance
Johnny Cash,6kACVPfCOnqzgfEF5ryl0x,74,6146975,rock
Jon Pardi,4MoAOfV4ROWofLG3a3hhBN,74,1943498,contemporary country
Jonas Blue,1HBjj22wzbscIZ9sEb5dyf,74,3727249,pop
Jonas Brothers,7gOdHgIoIKoe4i9Tta6qdD,76,7490149,pop
Jordan Davis,77kULmXAQ6vWer7IIHdGzI,74,1198249,contemporary country
Jorja Smith,1CoZyIx7UvdxT5c8UkMzHd,72,3386061,r&b
Josh Meloy,3EVsC9ZK7QMDuK4FPcZaEq,65,100045,modern country pop
Josh Ross,1ZGTSMjK1D2HrpPTOh916U,66,80403,modern country pop
Josh Turner,7vCtweS8UVAXTyau2j0rDT,65,2582650,contemporary country
Journey,0rvjqX7ttXeg3mTy8Xscbt,74,5379146,rock
Jowell & Randy,4IMAo2UQchVFyPH24PAjUs,72,4322571,urbano latino
Joyner Lucas,6C1ohJrd5VydigQtaGy5Wa,72,2206038,rap
Juan Gabriel,2MRBDr0crHWE5JwPceFncq,75,8375857,musica mexicana
Juan Luis Guerra 4.40,3nlpTZci9O5W8RsNoNH559,76,4863441,latin pop
Juanes,0UWZUmn7sybxMCqrw9tGa7,76,4657327,latin pop
Juice WRLD,4MCBfE4596Uoi2O4DtmEMz,87,33195810,rap
Juicy J,5gCRApTajqwbnHHPbr2Fpi,73,3132483,rap
Julia Michaels,0ZED1XzwlLHW4ZaG4lOT6m,74,5037291,pop
Julien Baker,12zbUHbPHL5DGuJtiUfsip,69,471988,indie pop
Julieta Venegas,2QWIScpFDNxmS6ZEMIUvgm,74,2286493,latin pop
Julión Álvarez y su Norteño Banda,1bfl0AU8SqmLkElptOprhC,82,4803832,musica mexicana
Junior H,7Gi6gjaWy3DxyilpF1a8Is,89,15106209,musica mexicana
Justin Bieber,1uNFoZAHBGtllmzznpCI3s,89,74475126,pop
Justin Moore,30e8DmahrEamvLbFRPdWmk,63,1821098,contemporary country
Justin Quiles,14zUHaJZo1mnYtn6IBRaRP,81,4471811,urbano latino
Justin Timberlake,31TPClRtHm23RisEBtV3X7,83,13864414,pop
KAROL G,790FomKkXshlbRYZFtlgla,90,45383080,urbano latino
KAYTRANADA,6qgnBH6iDM91ipVXv28OMu,69,1398418,alternative r&b
KHEA,4m6ubhNsdwF4psNf3R8kwR,78,5398114,urbano latino
KISS,07XSN3sPlIlB2L2XNcTwJw,72,9305437,rock
Kacey Musgraves,70kkdajctXSbqSMJbQO424,80,1383437,contemporary country
Kane Brown,3oSJ7TBVCWMDMiYjXNiCKE,74,5331685,contemporary country
Kany García,69UypehHabb68utzfjAVlV,75,2676513,latin pop
Kanye West,5K4W6rqBFWDnAN6FQUkS6x,94,24808464,rap
Katy Perry,6jJ0s89eD6GaHleKKya26X,84,32524718,pop
Kehlani,0cGUm45nv7Z6M6qdXYQGTX,74,7561260,pop
Keith Urban,0u2FHSq3ln94y5Q57xazwf,69,5099589,contemporary country
Kelly Clarkson,3BmGtnKgCSGYIUhmivXKWX,74,10300316,pop
Kelsea Ballerini,3RqBeV12Tt7A8xH3zBDDUF,69,1139357,contemporary country
Kendrick Lamar,2YZyLoL8N0Wb9xBt1NhZWg,90,27514243,rap
Kenny Chesney,3grHWM9bx2E9vwJCdlRv9O,72,4363974,contemporary country
Kenya Grace,7uMDnSZyUYNBPLhPMNuaM2,74,491805,singer-songwriter pop
Keri Hilson,63wjoROpeh5f11Qm93UiJ1,69,1958958,dance pop
Kesha,6LqNN22kT3074XbTVUrhzX,79,7750686,pop
Kevin Gates,1gPhS1zisyXr5dHTYZyiMe,73,6002267,rap
Key Glock,0RESbWvOMyua0yuyVrztJ5,77,1955897,rap
Keyshia Cole,1vfezMIyCr4XUdYRaKIKi3,70,3811452,r&b
Khalid,6LuN9FCkKOj5PcnpouEgny,84,16075088,pop
Kid Cudi,0fA0VVWsXO9YnASrzqfmYu,81,6950061,rap
Killer Mike,2N4EYkIlG1kv25g6Wv8LGI,65,427406,hip hop
Kim Petras,3Xt3RrJMFv5SZkCfUE8C1J,76,1074845,pop
Kimiko Glenn,6lU0XGyOn94aBZno3H9WpA,70,8227,show tunes
King Von,6QtgPSJPSzcnn7dPZ4VINp,76,4311592,rap
Kings of Leon,2qk9voo8llSGYcZ6xrBzKx,76,5298066,rock
Kodak Black,46SHBwWsqBkxI7EeeBEQG7,80,10365349,rap
Korn,3RNrq3jvMZxD9ZyoOZbQOD,77,7313936,rock
Kygo,23fqKkggKUBHNkbKtXEls4,80,8312373,pop
Kylie Minogue,4RVnAU35WRWra6OZ3CbbMA,72,1939340,dance pop
La Adictiva,49EE6lVLgU8sp7dFgPshgM,72,5734133,musica mexicana
La Arrolladora Banda El Limón De Rene Camacho,5bSfBBCxY8QAk4Pifveisz,77,6494404,musica mexicana
La Fiera de Ojinaga,6qm0DFounuQWwu6IF0ZGH2,66,540315,musica mexicana
Labrinth,2feDdbD5araYcm6JhFHHw7,78,3196132,pop
Lady A,32WkQRZEVKSzVAAYqukAEA,67,3656512,contemporary country
Lady Gaga,1HY2Jd0NmPuamShAr6KMms,85,29543557,pop
Lainey Wilson,6tPHARSq45lQ8BSALCfkFC,72,629526,contemporary country
Lana Del Rey,00FQb4jTyendYWaN8pK0wa,90,33940275,pop
Lauren Alaina,1v3tdpIdBSW14rHUfiEVOv,64,641164,contemporary country
Lauren Daigle,40LHVA5BTQp9RxHOQ9JPYj,69,2693417,ccm
Lauv,5JZ7CnR6gTvEMKX4g70Amv,75,6138425,pop
Led Zeppelin,36QJpDe2go2KgaRleHCDTp,76,14121948,rock
Lee Brice,5Zq7R5qmi58ByYyBQTlNuk,68,2203413,contemporary country
Lenin Ramírez,3hTffafUYLLgO4yuPAxb5U,68,3046270,musica mexicana
Lenny Kravitz,5gznATMVO85ZcLTkE9ULU7,70,3160492,rock
Lenny Tavárez,1pQWsZQehhS4wavwh7Fnxd,82,2662053,urbano latino
Leon Bridges,3qnGvpP8Yth1AqSBMqON5x,72,1647654,soul
Leslie Odom Jr.,3cR4rhS2hBWqI7rJEBacvN,71,259487,show tunes
Lewis Capaldi,4GNC7GD6oZMSxPGyXy4MNB,81,12401472,pop
Lil Baby,5f7VJjfbwm532GiveGC0ZK,86,17118704,rap
Lil Durk,3hcs9uc56yIGFCSy9leWe7,81,7312199,rap
Lil Jon,7sfl4Xt5KmfyDs2T3SVSMK,74,1536907,trap
Lil Tecca,4Ga1P7PMIsmqEZqhYZQgDo,81,7161463,rap
Lil Tjay,6jGMq4yGs7aQzuGsMgVgZR,78,8241040,rap
Lil Uzi Vert,4O15NlyKLIASxsJ0PrXPfz,84,16914301,rap
Lil Wayne,55Aa2cqylxrFIXC767Z865,86,14355268,rap
Lil Yachty,6icQOAFXDZKsumw3YXyusw,80,9795780,rap
Lily-Rose Depp,1pBLC0qVRTB5zVMuteQ9jJ,78,103702,pop
Limp Bizkit,165ZgPlLkK7bf5bDoFc6Sb,76,5827136,rock
Lin-Manuel Miranda,4aXXDj9aZnlshx7mzj3W1N,73,635618,show tunes
Linkin Park,6XyY86QOPPrYVGvF9ch6wz,86,25072518,rock
Little Big Town,3CygdxquGHurS7f9LjNLkv,62,2747711,contemporary country
Little Mix,3e7awlrlDSwF3iM0WBjGMp,74,11804210,pop
Livingston,2fPsJqR6zfoHatC1eFr0eQ,69,554496,singer-songwriter pop
Lizzo,56oDRnqbIiwx4mymNEv7dS,71,5708979,pop
Lizzy McAlpine,1GmsPCcpKgF9OhlNXjOsbS,75,885703,indie pop
Lloyd,1Xfmvd48oOhEWkscWyEbh9,66,2253099,trap
Logic,4xRYI6VqpkE3UwrDrAZL8L,74,6005909,rap
Lorde,163tK9Wjr9P9DmM0AVK7lm,76,9935280,pop
Los Alegres Del Barranco,2TSslwx9J30KElgEr68sdv,68,918958,musica mexicana
Los Bukis,16kOCiqZ1auY4sokSeZuKf,74,4002800,musica mexicana
Los Cadetes De Linares,1iIxNEvPPmdFIIP0tdpw6G,70,2482378,musica mexicana
Los Caminantes,6ziEnj8UydSg8dr68C3aut,67,1985574,musica mexicana
Los Dareyes De La Sierra,1ZMJSCQw8DIefcLb1FIpY0,74,984980,musica mexicana
Los Dos Carnales,25UNJbwGZSQKvz5cPLWlv3,72,2818371,musica mexicana
Los Gemelos De Sinaloa,1Zkxm1dM3HI3QkTmxUEVQA,67,772262,corrido
Los Inquietos Del Norte,0pgvlX0BkfmeirXTDiNmya,70,1556132,musica mexicana
Los Invasores De Nuevo León,5CGtBYmVPeLhI1kM2Fn9Gv,71,1959123,musica mexicana
Los Primos del Este,5MEewKjCN4Dw20OFV2IGMo,65,270988,corrido
Los Rehenes,5IaAggho4F1gWHE5REe1e8,66,1146050,musica mexicana
Los Temerarios,3YbOSxo85kla7RID8ugnW3,80,4380763,musica mexicana
Los Tigres Del Norte,3hYtANQYrE6pd2PbtEyTIy,77,5440045,musica mexicana
Los Tucanes De Tijuana,014WIDx7H4BRCHB1faiisK,75,2970432,musica mexicana
Los Ángeles Azules,0ZCO8oVkMj897cKgFH7fRW,76,7223105,musica mexicana
Lost Frequencies,7f5Zgnp2spUuuzKplmRkt7,77,2778859,pop dance
Loud Luxury,6t1gpxYbY8OlLA7D2RiikQ,69,656593,pop dance
Louis Armstrong,19eLuQmk9aCobbVDHc6eek,70,2850116,soul
Luar La L,4axKuDPr6WKcDCyh8vueTY,76,1017038,urbano latino
Lucy Dacus,07D1Bjaof0NFlU32KXiqUP,70,488276,indie pop
Ludacris,3ipn9JLAPI5GUEo4y4jcoi,77,2865787,rap
Luis Fonsi,4V8Sr092TqfHkfAA5fXXqG,74,10490043,latin pop
Luis Miguel,2nszmSgqreHSdJA3zWPyrW,82,15060466,latin pop
Luke Bryan,0BvkDsjIUla7X0k6CSWh1I,76,8515794,contemporary country
Luke Combs,718COspgdWOnwOFpJHRZHS,84,10300469,contemporary country
Lunay,47MpMsUfWtgyIIBEFOr4FE,73,9369810,urbano latino
Lupe Fiasco,01QTIT5P1pFP3QnnFSdsJf,67,1855559,rap
Lyanno,1Ts9of7VPZElwPQnqnDSfW,72,1338977,urbano latino
Lynyrd Skynyrd,4MVyzYMgTwdP7Z49wAZHx0,73,5038304,rock
MARINA,6CwfuxIqcltXDGjfZsMd9A,72,5328075,pop
MAX,1bqxdqvUtPWZri43cKHac8,70,898873,singer-songwriter pop
MEDUZA,0xRXCcSX89eobfrshSVdyu,76,743168,pop dance
MF DOOM,2pAWfrd7WFF3XhVt9GooDL,76,2840447,rap
MGMT,0SwO7SWeDHJijQ3XNS7xEE,75,3044635,rock
MKTO,2l35CQqtYRh3d8ZIiBep4v,66,1053097,pop
Mac DeMarco,3Sz7ZnJQBIHsXLUSo0OQtM,80,5625982,pov: indie
Mac Miller,4LLpKhyESsyAXpc4laK94U,82,10238326,rap
Madison Beer,2kRfqPViCqYdSGhYSM9R0Q,75,6399692,pop
Madlib,5LhTec3c7dcqBvpLRWbMcf,68,474515,hip hop
Madonna,6tbjWDEIzxoDsBA1FuhfPW,81,7613494,pop
Maggie Rogers,4NZvixzsSefsNiIqXn0NDe,71,1064562,indie pop
Major Lazer,738wLrAtLtCtFOLvQBXOXp,77,6121554,pop
Maluma,1r4hJ1h58CWwUQe3MxPuau,85,33597460,urbano latino
Mambo Kingz,2T1aUibqR2QC2sINIDQOAK,76,297379,urbano latino
Manuel Turizo,0tmwSHipWxN12fsoLcFU3B,83,13478833,urbano latino
Maná,7okwEbXzyT2VffBmyQBWLz,78,10656307,latin pop
Marc Anthony,4wLXwxDeWQ8mtUIRPxGiD6,76,9491155,latin pop
Marca MP,44mEtidu0VdRkIqO4IbkNa,68,2413220,musica mexicana
Marco Antonio Solís,3tJnB0s6c3oXPq1SCCavnd,75,6900303,musica mexicana
Maren Morris,6WY7D3jk8zTrHtmkqqo5GI,70,793588,contemporary country
Mariah Carey,4iHNK0tOyZPYnBU7nGAgpQ,77,9778671,pop
Mariah the Scientist,7HO5fOXE4gh3lzZn64tX2E,66,384082,alternative r&b
Marilyn Manson,2VYQTNDsvvKN9wmU5W7xpj,70,4256946,rock
Mario,20s0P9QLxGqKuCsGwFsp7w,68,3358286,dance pop
Mark Ambor,11p2E654TTU8e0nZWBR4AL,73,281072,singer-songwriter pop
Maroon 5,04gDigrS5kc9YWfZHwBETP,85,41233218,pop
Marshmello,64KEffDW9EtZ1y2vBYgq8T,84,33626356,pop
Martin Garrix,60d24wfXkVzDSfLS6hyCjZ,76,14993554,pop
Marvin Gaye,3koiLjNrgRTNbOwViDipeA,74,5255505,soul
Mary J. Blige,1XkoF8ryArs86LZvFOkbyr,71,3755457,dance pop
Masego,3ycxRkcZ67ALN3GQJ57Vig,73,1344614,alternative r&b
Matt Hansen,6wlhqnATSJIc0NQ64VxOVJ,69,431623,singer-songwriter pop
Matt Maltese,12j6dJrPXanCBwY599pZxf,69,535450,pov: indie
Meek Mill,20sxb77xiYeusSH8cVdatc,74,7768247,rap
Megadeth,1Yox196W7bzVNZI7RBaPnf,70,5213022,rock
Megan Moroney,5Ppie0uPnbnvGBYRwYmlt0,69,298067,contemporary country
Megan Thee Stallion,181bsRPaVXVlUKXrxwZfHK,79,8899688,pop
Meghan Trainor,6JL8zeS1NmiOftqZTRgdTz,78,14731286,pop
Melanie Martinez,63yrD80RY3RNEM2YDpUpO8,81,19826226,pop
Men I Trust,3zmfs9cQwzJl575W1ZYXeT,71,1760718,pov: indie
MercyMe,6APm8EjxOHSYM5B4i3vT3q,63,1755725,ccm
Metallica,2ye2Wgw4gimLv2eAKyk1NB,82,26800918,rock
Method Man,4VmEWwd8y9MCLwexFMdpwt,70,2112622,hip hop
Metro Boomin,0iEtIxbK0KxaSlF7G42ZOp,93,7669619,rap
Michael Jackson,3fMbdgg4jU18AjLCKBhRSm,83,30387404,r&b
Migos,6oMuImdp5ZcFhWP0ESe6mG,76,13688016,rap
Miguel,360IAlyVv4PCEVjgyMZrxK,79,4987559,r&b
Mike Posner,2KsP6tYLJlTBvSUxnwlVWa,70,1354268,pop
Mike WiLL Made-It,0NWbwDZY1VkRqFafuQm6wk,68,1559655,rap
Miley Cyrus,5YGY8feqx7naU7z4HrwZM6,86,23613573,pop
Milky Chance,1hzfo8twXdOegF3xireCYs,73,1903254,modern rock
Milo j,19HM5j0ULGSmEoRcrSe5x3,82,2983231,urbano latino
Mindless Self Indulgence,5R5MLOQbI4lb7GHYioPqoN,66,955800,pov: indie
Miranda Lambert,66lH4jAE7pqPlOlzUKbwA0,69,3536354,contemporary country
Missy Elliott,2wIVse2owClT7go1WT98tk,71,2421607,rap
Mitchell Tenpenny,1p6CdzJRoicjRcSdWoB9Qc,64,500677,contemporary country
Mitski,2uYWxilOVlUdk4oV9DvwqK,84,7459669,pov: indie
Modest Mouse,1yAwtBaoHLEDWAnWR87hBT,65,1441121,modern rock
Money Man,3Rx4PJ7SP6unkOk5elPUK7,69,614991,trap
Moneybagg Yo,3tJoFztHeIJkJWMrx0td2f,76,4394089,rap
Mora,0Q8NcsJwoCbZOHHW63su5S,83,4596427,urbano latino
Morgan Wallen,4oUHIQIBe0LHzYfvXNW4QM,88,9015449,contemporary country
Mother Mother,0e86yPdC41PGRkLp2Q1Bph,73,3920524,pov: indie
Motionless In White,6MwPCCR936cYfM1dLsGVnl,69,1564611,alternative metal
Ms. Lauryn Hill,2Mu5NfyYm8n5iTomuKAEHl,73,2800248,hip hop
Mt. Joy,69tiO1fG8VWduDl3ji2qhI,70,484146,pov: indie
Mumford & Sons,3gd8FJtBJtkRxdfbTu19U2,72,6360102,modern rock
Muscadine Bloodline,0EyZDKtc41e4A3a3v69MxD,64,249230,modern country pop
Muse,12Chz98pHFMPJEknJQMWvI,75,7707875,rock
Mustard,0YinUQ50QDB7ZxSCLyQ40k,71,1168176,rap
My Chemical Romance,7FBcuc1gsnv6Y1nwFtNRCb,77,8354640,rock
Myke Towers,7iK8PXO48WeuP03g8YR51W,88,14414668,urbano latino
MØ,0bdfiayQAKewqEvaU6rXCv,72,1442397,dance pop
Mötley Crüe,0cc6vw3VN8YlIcvr1v7tBL,71,5050218,rock
NATTI NATASHA,1GDbiv3spRmZ1XdM1jQbT7,73,9853973,urbano latino
NAV,7rkW85dBwwrJtlHRDkJDAC,72,3440482,rap
NEEDTOBREATHE,610EjgFatGvVPtib97jQ8G,63,818715,ccm
NF,6fOMl44jA4Sp5b9PpYCkzz,79,9698169,hip hop
NLE Choppa,0ErzCpIMyLcjPiwT4elrtZ,79,7877983,rap
Nas,20qISvAhX20dpIbOOzGK3q,72,3658658,rap
Nat King Cole,7v4imS0moSyGdXyLgVTIV7,69,2207182,soul
Natalia Lafourcade,1hcdI2N1023RvSwLzTtdsp,73,4409490,latin pop
Natanael Cano,0elWFr7TW8piilVRYJUe4P,89,11950902,musica mexicana
Natasha Bedingfield,7o95ZoZt5ZYn31e9z1Hc0a,76,1724198,pop
Nate Dogg,1Oa0bMld0A3u5OTYfMzp5h,75,1627209,hip hop
Nate Smith,4NYMUsIcUUsBHbV9DICa5x,69,306771,contemporary country
Ne-Yo,21E3waRsmPlU7jZsS13rcj,81,8609698,pop
Neil Young,6v8FB84lnmJs434UJf2Mrm,68,2899383,rock
Nelly,2gBjLmx6zQnFGQJCAQpRgw,74,2727054,rap
Nelly Furtado,2jw70GZXlAI8QzWeY2bgRc,77,3783726,pop
Neon Trees,0RpddSzUHfncUWNJXKOsjy,66,1209445,pov: indie
Niall Horan,1Hsdzj7Dlq2I7tHP7501T4,77,9828099,pop
Nic D,1XlLhtgJjC4ROQZilBZAvw,69,399814,singer-songwriter pop
Nickelback,6deZN1bslXzeGvOLaLMOIF,78,6673822,alternative metal
Nicki Minaj,0hCNtLu0JehylgoiP8L4Gh,87,30824295,pop
Nicki Nicole,2UZIAOlrnyZmyzt1nuXr9y,81,6422390,urbano latino
Nicky Jam,1SupJlEpv7RS2tPNRaHViT,80,18514970,urbano latino
Nine Inch Nails,0X380XXQSNBYuleKzav5UO,66,2541803,rock
Nipsey Hussle,0EeQBlQJFiAfJeVN2vT9s0,66,3390285,rap
Nirvana,6olE6TJLqED3rqDCT0FyPh,82,19084280,rock
No Doubt,0cQbJU1aAzvbEmTuljWLlF,69,2735821,rock
Noah Cyrus,55fhWPvDiMpLnE4ZzNXZyW,73,1281030,pop
Noah Kahan,2RQXRUsr4IW1f3mKyKsy4B,87,2611083,pov: indie
Noriel,3RtNN1VnooWEn3KQk03DUL,77,7585755,urbano latino
Oasis,2DaxqgrOhkeH0fpeiQq2f4,77,9760702,rock
Of Monsters and Men,4dwdTW1Lfiq0cM8nBAqIIz,68,3466269,modern rock
Offset,4DdkRBBYG6Yk9Ka8tdJ9BW,80,3879039,rap
Okieriete Onaodowan,6G3sPhnj4JBCsBVBGvZnkk,66,6607,show tunes
Old Dominion,6y8XlgIV8BLlIg1tT1R10i,69,1492555,contemporary country
Ole 60,3iXeAZ8862AyoZ5ZGg800O,64,108841,modern country pop
Oliver Anthony Music,6IkfE2JyVoKwBZXvuytKX3,67,807536,modern country pop
Olivia Rodrigo,1McMsnEElThX1knmY4oliG,90,34863835,pop
Omar Courtz,3E12tRURRvPfHz0hAMCFYc,69,150840,urbano latino
One Direction,4AK6F7OLvEQ5QYCBNiQWHq,84,34595242,pop
OneRepublic,5Pwc4xIPtQLFEnJriah9YJ,83,16764233,pop
Original Broadway Cast of Hamilton,3UUJfRbrA2nTbcg4i0MOwu,73,438423,show tunes
Oscar Maydon,3l9G1G9MxH6DaRhwLklaf5,84,1339776,corrido
Otis Redding,60df5JBRRPcnSpsIMxxwQm,71,2204629,soul
Outkast,1G9G7WwrXka3Z1r7aIDjI7,75,2573879,rap
Ovy On The Drums,3m5qlPf2OkihLz3dRYnkPA,75,317721,urbano latino
Owl City,07QEuhtrNmmZ0zEcqE9SF6,69,2325276,pop
Ozuna,1i8SpTcr7yvPOmcqrbnVXY,86,36452772,urbano latino
Ozzy Osbourne,6ZLTlhejhndI4Rh53vYhrY,72,5366631,rock
P!nk,1KCSPY1glIKqW2TotWuXOR,81,16424742,pop
PARTYNEXTDOOR,2HPaUgqeutzr3jx5a9WyDV,79,6384453,rap
Panic! At The Disco,20JZFwl6HVl6yg8a4H3ZqK,78,12091541,pop
Pantera,14pVkFUHDL207LzLHtSA18,69,4895173,rock
Papa Roach,4RddZ3iHvSpGV4dvATac9X,72,5098907,rock
Paramore,74XFHRwlV6OrjEM0A2NCMF,78,8366103,pop
Parker McCollum,0Z8XVUAOBPM4x12wKnFHEQ,68,457537,contemporary country
Passion,6piIAIurGAryW5h1rqQC16,63,431402,ccm
Paul McCartney,4STHEaNw4mPZ2tzheohgXB,71,4698215,rock
Paul Simon,2CvCyf1gEVhI0mX6aFXmVI,68,2273286,rock
Pearl Jam,1w5Kfo2jwwIPruYS2UWh56,75,8624889,rock
Pharrell Williams,2RdwBSPQiwcmiDo9kixcl8,79,4426900,pop
Phil Wickham,5d1JhBfyb58upMXCZOdbQu,66,873620,ccm
Phillipa Soo,2OEGI2wrCVmvavKEOMlccy,66,72578,show tunes
Phoebe Bridgers,1r1uxoy19fzMxunt3ONAkG,78,2317644,pov: indie
Pierce The Veil,4iJLPqClelZOBCBifm8Fzv,73,2886220,modern rock
Pink Floyd,0k17h0D3J5VfsdmQ1iZtE9,79,20086163,rock
Pitbull,0TnOYISbd1XYRBk9myaseg,84,10208343,pop
Pixies,6zvul52xwTWzilBZl6BUbT,70,2894563,rock
Plan B,2jSGzJw0ebJLu7OLVSOcBP,80,4095068,urbano latino
Playboi Carti,699OTQXzgjhIYAHMy9RyPD,89,10417053,rap
PnB Rock,21WS9wngs9AqFckK7yYJPM,68,4087277,rap
Polo G,6AgTAQt8XS6jRWi4sX7w49,81,11090560,rap
Pooh Shiesty,5F1aAS1duwlzExnPs3l2Xe,68,1553724,trap
Pop Smoke,0eDvMgVFoNV3TpwtrVCoTj,80,13949957,rap
Portugal. The Man,4kI8Ie27vjvonwaB2ePh8T,67,1429202,modern rock
Post Malone,246dkjvS1zLTtiykXe5h60,88,43480611,pop
Prince,5a2EaR3hamoenG9rDuVn8j,71,7192996,rock
Prince Royce,3MHaV05u0io8fQbZ2XPtlC,76,7701612,urbano latino
Project Pat,08Ld63UgKrJ0nZnCkzHtzc,67,810246,trap
Puddle Of Mudd,3dXaa6jwM7B52GZpaJEIr5,63,2011841,alternative metal
Pusha T,0ONHkAv9pCAFxb0zJwDNTy,73,2892615,rap
Quavo,0VRj0yCOv2FXJNP47XQnx5,78,7274251,rap
Queen,1dfeR4HaWDbWqFHLkxsg1d,85,49357970,rock
Queens of the Stone Age,4pejUc4iciQfgdX6OKulQn,71,3464011,rock
Quevedo,52iwsT98xCoGgiGntTiR7K,83,4274219,urbano latino
R.E.M.,4KWTAlx2RvbpseOGMEmROg,73,4432093,rock
R3HAB,6cEuCEZu7PAE9ZSzLLc2oQ,76,2506083,pop dance
REO Speedwagon,55vs7NT1KxcFjbMC4y202E,65,2503282,rock
ROSALÍA,7ltDVBr6mKbRvohxheJ9h1,79,8085205,pop
Radiohead,4Z8W4fKeB5YxbusRsdQVPb,81,9652264,rock
Rae Sremmurd,7iZtZyCzp3LItcw1wtPI3D,71,7348107,rap
Rage Against The Machine,2d0hyoQ5ynDBnkvAbJKORj,71,5871355,rock
Rainbow Kitten Surprise,4hz8tIajF2INpgM0qzPJz2,71,1105756,pov: indie
Randy Travis,1pTuR132U5b4Rizal2Pr7m,64,1713967,contemporary country
Rascal Flatts,0a1gHP0HAqALbEyxaD5Ngn,69,3527742,contemporary country
Rauw Alejandro,1mcTU81TzQhprhouKaTkpq,88,21220427,urbano latino
Ray Dalton,4e0nWw2r4BoQSKPQ2zpU13,74,69772,pop dance
Reba McEntire,02rd0anEWfMtF7iMku9uor,62,2005722,contemporary country
Red Hot Chili Peppers,0L8ExT028jH3ddEcZwqJJ5,82,20505738,rock
Reik,0vR2qb8m9WHeZ5ByCbimq2,78,8620932,urbano latino
Rels B,2IMZYfNi21MGqxopj9fWx8,81,6680723,urbano latino
Remi Wolf,0NB5HROxc8dDBXpkIi1v3d,66,459436,indie pop
Ricardo Arjona,0h1zs4CTlU9D2QtgPxptUD,75,12448787,latin pop
Rich Homie Quan,5lHRUCqkQZCIWeX7xG4sYT,65,2774402,trap
Rich The Kid,1pPmIToKXyGdsCF6LmqLmI,80,3259488,rap
Rick Ross,1sBkRIssrMs1AbVkOJbc7a,77,7117467,rap
Ricky Montgomery,0ZUvK7zGdXLd78mQr3t1Tw,68,1794146,pop
Rico Nasty,2OaHYHb2XcFPvqL3VsyPzU,64,1091866,alternative r&b
Rihanna,5pKCCKE2ajJHZ9KAiaK11H,91,59282646,pop
Riley Green,2QMsj4XJ7ne2hojxt6v5eb,70,723494,contemporary country
Rise Against,6Wr3hh341P84m3EI8qdn9O,71,2665610,alternative metal
Rita Ora,5CCwRZC6euC8Odo6y9X8jr,72,8246874,pop
Rob Zombie,3HVdAiMNjYrQIKlOGxoGh5,68,2886221,rock
Robin Schulz,3t5xRXzsuZmMDkQzgOX35S,77,3070977,pop dance
Roddy Ricch,757aE44tKEUQEqRuT6GnEB,76,10422163,rap
Rodney Atkins,2qgvmDsc4jrqbAbjq1HGM2,64,1875288,contemporary country
Romeo Santos,5lwmRuXgjX8xIwlnauTZIP,82,20451471,urbano latino
Rush,2Hkut4rAAyrQxRdof7FVJq,65,2263594,rock
Ruth B.,2WzaAvm2bBCf4pEhyuDgCY,73,3396750,pop
Ryan Castro,7j6DKwmjbxvpQO8h914uEz,79,2354224,urbano latino
Ryan Mack,5LGo1zHegJTWzqVXgeNplt,66,314475,singer-songwriter pop
SAIKO,2O8vbr4RYPpk6MRA4fio7u,79,756923,urbano latino
SZA,7tYKF4w9nC0nq9CsPZTHyP,91,19003832,pop
Sabrina Carpenter,74KM79TiuVKeVCqs8QtB0B,82,7782291,pop
Sam Barber,08GfvCW09pv2QP4y9sle2a,68,319501,modern country pop
Sam Cooke,6hnWRPzGGKiapVX1UCdEAC,69,1594725,soul
Sam Hunt,2kucQ9jQwuD8jWdtR9Ef38,70,2281194,contemporary country
Sam Smith,2wY79sveU1sp5g7SokKOiI,83,23539841,pop
ScHoolboy Q,5IcR3N7QB1j6KBL8eImZ8m,74,4666475,rap
Scorpions,27T030eWyCQRmDyuvr1kxY,72,6990667,rock
Sean Kingston,6S0dmVVn4udvppDhZIWxCr,71,3226406,pop
Sean Paul,3Isy6kedDrgPYoTS1dazA9,81,4583464,pop
Sebastian Yatra,07YUOmWljBTXwIseAUd9TW,80,22225536,urbano latino
Sech,77ziqFxp5gaInVrF2lj4ht,82,11904234,urbano latino
Seether,6B5c4sch27tWHAGdarpPaW,69,3345751,alternative metal
Selena Gomez,0C8ZW7ezQVs4URX5aX7Kqx,82,48837565,pop
Set It Off,06bDwgCHeMAwhgI8il4Y5k,66,935547,pov: indie
Shaggy,5EvFsr3kj42KNv97ZEnqij,72,2136922,dance pop
Shakira,0EmeFodog0BfCgMzAIvKQp,87,32530162,pop
Shane & Shane,2LFbgsbEhfilNpQYW7mied,63,405092,ccm
Shania Twain,5e4Dhzv426EvQe3aDb64jL,72,2995879,contemporary country
Shawn Mendes,7n2wHs1TKAczGzO7Dd2rGr,82,42458635,pop
Shinedown,70BYFdaZbEKbeauJ670ysI,71,4023445,alternative metal
Shy Glizzy,1DvtabXAjfrMihPP6JQdHs,63,855299,trap
SiR,3QTDHixorJelOLxoxcjqGx,69,1000295,alternative r&b
Sia,5WUlDfRSoLAfcVSX1WnrxN,84,27621477,pop
Simon & Garfunkel,70cRZdQywnSFp9pnc2WTCE,72,5080553,rock
Ski Mask The Slump God,2rhFzFmezpnW82MNqEKVry,73,5726465,rap
Skillet,49bzE5vRBRIota4qeHtQM8,74,4994749,alternative metal
Skrillex,5he5w2lnU9x7JFhnwcekXX,76,7561628,pop dance
Slayer,1IQ2e1buppatiN1bxUVkrk,67,3842080,rock
Slipknot,05fG473iIaoy82BF1aGhL8,79,10859618,rock
Smino,1ybINI1qPiFbwDXamRtwxD,66,919978,alternative r&b
Snoh Aalegra,1A9o3Ljt67pFZ89YtPPL5X,66,1183942,alternative r&b
Snoop Dogg,7hJcb9fa4alzcOq3EaNPoG,82,11410145,rap
Sophie Ellis-Bextor,2cBh5lVMg222FFuRU7EfDE,73,485956,dance pop
Soulja Boy,6GMYJwaziB4ekv1Y6wCDWS,68,2005981,rap
Soundgarden,5xUf6j4upBrXZPg6AI4MRK,68,4315363,rock
Staind,5KDIH2gF0VpelTqyQS7udb,65,2479192,alternative metal
Steely Dan,6P7H3ai06vU1sGvdpBwDmE,68,2183046,rock
Steve Aoki,77AiFEVeAVj2ORpC85QVJs,71,3714076,pop dance
Steve Miller Band,6QtGlUje9TIkLrgPZrESuk,68,2964540,rock
Steven Universe,4rF7c8zpCKzuSXohs2HIpA,68,964394,pov: indie
Stevie Wonder,7guDJrEfX3qb6FEbdPA5qi,75,6364949,soul
Still Woozy,4iMO20EPodreIaEl8qW66y,69,983761,pov: indie
Stone Temple Pilots,2UazAtjfzqBF0Nho2awK4z,67,3439759,rock
Stray Kids,2dIgFjalVxs4ThymZ67YCE,82,15023253,pop
Suki Waterhouse,5GGJosGMs08YEmKTZJe1fL,69,632628,indie pop
Sum 41,0qT79UgT5tY4yudH9VfsdT,74,3781699,rock
Summer Walker,57LYzLEk2LcFghVwuWbcuS,80,6236038,rap
Supertramp,3JsMj0DEzyWc0VDlHuy9Bx,70,3378065,rock
Surf Curse,1gl0S9pS0Zw0qfa14rDD3D,68,1112417,pov: indie
Swae Lee,1zNqQNIdeOUZHb8zbZRFMX,81,2099607,rap
Swedish House Mafia,1h6Cn3P4NGzXbaXidqURXs,75,3716978,pop dance
Syleena Johnson,1lE6SEy8f84Zhjvp7r8yTD,66,320894,r&b
System Of A Down,5eAWCfyUhZtHHtBdNk56l1,80,10378395,rock
T-Pain,3aQeKQSyrW4qWr35idm0cy,79,4715130,rap
T.I.,4OBJLual30L7gRl5UkeRcT,74,4672209,rap
TAYA,3D04fb59z3ANxVaeHBfxtW,67,100718,ccm
TINI,7vXDAI8JwjW531ouMGbfcp,78,7693068,latin pop
TLC,0TImkz4nPqjegtVSMZnMRq,70,3896137,dance pop
TOOL,2yEwvVSSSUkcLeSTNyHKh8,70,3593908,rock
TOTO,0PFtn5NtBbbUNbU9EAmIWF,74,2867147,rock
TV Girl,0Y6dVaC9DZtPNH4591M42W,82,5931306,pov: indie
TWICE,7n2Ycct7Beij7Dj7meI4X0,81,19926731,pop
Tainy,0GM7qgcRCORpGnfcN2tCiB,78,2052119,urbano latino
Taio Cruz,6MF9fzBmfXghAz953czmBC,70,2189654,pop
Takeoff,3EW0kQ1skZiK1NHg3Spt9J,69,1805767,rap
Talking Heads,2x9SpqnPi8rlE9pjHBwmSC,68,2399846,rock
Tally Hall,7lqaPghwYv2mE9baz5XQmL,66,768700,pov: indie
Tame Impala,5INjqkS1o8h1imAzPqGZBb,80,7600328,rock
Tammi Terrell,75jNCko3SnEMI5gwGqrbb8,67,177276,soul
Tanner Adell,5xKVALj2MSqOHmQhburCM8,66,82196,modern country pop
Tate McRae,45dkTj5sMRSjrmBSBeiHym,85,5130739,pop
Tauren Wells,3SKza3YPBri1k43LB1Tqy4,63,633404,ccm
Tay-K,2ODbg2404zUzTi02qIPEjB,67,3469400,rap
Taylor Swift,06HL4z0CvFAxyc27GXpf02,100,107122429,pop
Tears For Fears,4bthk9UfsYUYdcFyqxmSUU,75,3358648,rock
Tee Grizzley,6AUl0ykLLpvTktob97x9hO,69,3680388,rap
Tego Calderón,3SUT1jjM5hzZj9TLfLZGIP,71,4572457,urbano latino
The 1975,3mIj9lX2MWuHmhNCA7LSCW,77,7109263,pop
The Alchemist,0eVyjRhzZKke2KFYTcDkeu,71,636924,hip hop
The All-American Rejects,3vAaWhdBR38Q02ohXqaNHT,67,2598155,alternative metal
The Backseat Lovers,6p2HnfM955TI1bX34dkLnI,66,626239,pov: indie
The Beach Boys,3oDbviiivRWhXwIE8hxkVV,72,4428478,rock
The Beatles,3WrFJ7ztbogyGnTHbHJFl2,85,27102029,rock
The Black Keys,7mnBLXK823vNxN3UWB7Gfz,75,3928753,rock
The Cars,6DCIj8jNaNpBz8e5oKFPtp,65,1783991,rock
The Chainsmokers,69GGBxA162lTqCwzJG5jLp,81,20016231,pop
The Chicks,25IG9fa7cbdmCIy3OnuH57,66,1408367,contemporary country
The Clash,3RGLhK1IP9jnYFH4BRFJBS,70,2693122,rock
The Cranberries,7t0rwkOPGlDPEhaOcVtOt9,76,4079456,rock
The Cure,7bu3H8JO7d0UbMoVzbo70s,76,5302788,rock
The Doobie Brothers,39T6qqI0jDtSWWioX8eGJz,67,2459821,rock
The Doors,22WZ7M8sxp5THdruNY3gXt,73,7734403,rock
The Fray,0zOcE3mg9nS6l3yxt1Y0bK,70,3968816,pop
The Game,0NbfKEOTQCcwd6o7wSDOHI,72,4767670,rap
The Jackson 5,2iE18Oxc8YSumAU232n4rW,66,1509630,soul
The Killers,0C0XlULifJtAgn6ZNCW2eu,77,7209030,rock
The Living Tombstone,0I6yADrmeyvw66g7yjkqIF,72,3655670,pov: indie
The Lumineers,16oZKvXb6WkQlVAjwo2Wbg,78,5337661,modern rock
The Mamas & The Papas,1bs7HoMkSyQwcobCpE9KpN,68,1750600,rock
The Neighbourhood,77SW9BnxLY8rJ0RciFqkHh,84,15873566,pop
The Notorious B.I.G.,5me0Irg2ANcsgc93uaYrpb,77,9991155,rap
The Offspring,5LfGQac0EIXyAN8aUwmNAQ,77,5450904,rock
The Police,5NGO30tJxFlKixkPSgXcFE,77,5968246,rock
The Pussycat Dolls,6wPhSqRtPu1UhRCDX5yaDJ,69,5559724,pop
The Rolling Stones,22bE4uQ6baNwSHPVcDxLCe,80,13783161,rock
The Score,2q3GG88dVwuQPF4FmySr9I,68,1417822,pov: indie
The Script,3AQRLZ9PuTAozP28Skbq8V,74,7917862,pop
The Smashing Pumpkins,40Yq4vzPs9VNUrIBG5Jr2i,72,4969479,rock
The Smiths,3yY2gUcIsjMr8hjo51PoJ8,78,5500230,rock
The Strokes,0epOFNiUfyON9EYx7Tpr6V,76,5543771,rock
The Temptations,3RwQ26hR2tJtA8F9p2n7jG,67,2880213,soul
The Walters,027TpXKGwdXP7iwbjUSpV8,72,677064,pov: indie
The Weeknd,1Xyo4u8uXC1ZmMpatF05PJ,95,81802693,pop
The White Stripes,4F84IBURUo98rz4r61KF70,71,3061414,rock
The Who,67ea9eGLXYMsO2eYQRui3w,68,5295218,rock
The-Dream,1W3FSF1BLpY3hlVIgvenLz,64,1266029,trap
Theory of a Deadman,74eX4C98E4FCrAMl39qRsJ,63,2077679,alternative metal
Third Eye Blind,6TcnmlCSxihzWOQJ8k0rNS,64,1544887,alternative metal
Thirty Seconds To Mars,0RqtSIYZmd4fiBKVFqyIqD,70,3448061,modern rock
Thomas Rhett,6x2LnllRG5uGarZMsD4iO8,73,4650016,contemporary country
Three 6 Mafia,26s8LSolLfCIY88ysQbIuT,63,1291313,trap
Three Days Grace,2xiIXseIJcq3nG7C8fHeBj,75,5985458,rock
Tiago PZK,5Y3MV9DZ0d87NnVm56qSY1,79,4820321,urbano latino
Tim McGraw,6roFdX1y5BYSbp60OTJWMd,72,4455335,contemporary country
Timbaland,5Y5TRrQiqgUO4S36tzjIRZ,78,2784632,pop
Tinashe,0NIIxcxNHmOoyBx03SfTCD,67,2676827,pop
Tito Double P,5eumcnUkdmGvkvcsx1WFNG,77,741907,corrido
Tiësto,2o5jDhtHVPhrJdv3cEQ99Z,85,7204924,pop dance
Toby Keith,2bA6fzP0lMAQ4kz6CF61w8,73,2327704,contemporary country
TobyMac,5VX8hxrcfJWwaTLiqGUHG3,67,1302596,ccm
Tom Petty,2UZMlIwnkgAEDBsw1Rejkn,69,2490860,rock
Tom Petty and the Heartbreakers,4tX2TplrkIP4v05BNC903e,67,2712190,rock
Tony Aguirre,6twEaJ9RPRYiCmWapjG8xh,72,654192,corrido
Topic,0u6GtibW46tFX7koQ6uNJZ,73,241957,pop dance
Tori Kelly,1vSN1fsvrzpbttOYGsliDr,67,2120235,pop
Tory Lanez,2jku7tDXc6XoB6MO2hFuqg,81,6563317,rap
Tove Lo,4NHQUGzhtTLFvgF5SZesLK,73,3539406,pop
Train,3FUY2gzHeIiaesXtOAdB7A,74,4195163,pop
Travis Scott,0Y5tJX1MQlPlqiwlOH1tJY,94,28554337,rap
Travis Tritt,2M4Yt7oKGoYd0wqU44k4i2,63,1370665,contemporary country
Treaty Oak Revival,3444S3C4U9Ts86BnCtSPRV,70,157530,modern country pop
Trey Songz,2iojnBLj0qIMiKPvVhLnsH,69,7301744,trap
Trippie Redd,6Xgp2XMz1fhVYe7i6yNAax,82,9420384,rap
Troye Sivan,3WGpXCj9YhhfX11TToZcXP,78,8108735,pop
Tucker Wetmore,4sCKpwwEsgReZxjtKFm2A0,65,120854,modern country pop
Twenty One Pilots,3YQKmKGau1PzlVlkL1iodx,82,24008030,pop
Twista,6vbY3hOaCAhC7VjucswgdS,66,1055525,trap
Two Door Cinema Club,536BYVgOnRky0xjsPT96zl,69,2372858,modern rock
Two Feet,5sWHDYs0csV6RS48xBl0tH,70,1965463,modern rock
Ty Dolla $ign,7c0XG5cIJTrrAgEC3ULPiq,88,5172781,hip hop
Tyga,5LHRHt1k9lMyONurDHEdrp,78,6772502,rap
Tyler Hubbard,3BEV5FcxOtkQJ7lLRKMh3V,66,161414,contemporary country
"Tyler, The Creator",4V8LLVI7PbaPR0K2TGSxFF,85,14579538,rap
U2,51Blml2LZPmy7TTiAg47vQ,78,11983939,rock
UPPERROOM,107CG0UhUl9GJnPwF83N63,64,341588,ccm
USHER,23zg3TcAtWQy7J6upgbUnj,83,11208317,pop
Vacations,0U7iI0Dk4Ojvi17nZboNO4,73,968234,pov: indie
Vampire Weekend,5BvJzeQpmsdsFp4HGUYUEx,71,1912890,modern rock
Van Halen,2cnMpRsOVqtPMfq7YiFE6K,72,5894112,rock
Van Morrison,44NX2ffIYHr6D4n7RaZF7A,73,3106484,rock
Vance Joy,10exVja0key0uqUkk6LJRT,75,3034978,modern rock
Victoria Monét,63XBtGSEZINSyXylZxEUbv,70,1017841,r&b
Vince Staples,68kEuyFKyqrdQQLLsmiatm,67,1851443,rap
W&W,2rTo8KIkBTFjQS7VvaKYQ4,74,833708,pop dance
WALK THE MOON,6DIS6PRrLS3wbnZsf7vYic,70,2093923,modern rock
WILLOW,3rWZHrfrsPBxVy692yAIxF,71,2497063,pop
Waka Flocka Flame,6f4XkbvYlXMH0QgVRzW0sM,65,2647810,rap
Wale,67nwj3Y5sZQLl72VNUHEYE,69,4106347,rap
Wallows,0NIPkIjTV8mB795yEIiPYL,72,2679472,pov: indie
Warren Zeiders,7kplJl06UmldxLKseURAYi,70,620863,modern country pop
Weezer,3jOstUTkEu2JkjvRdBA5Gu,74,3461383,rock
Westside Gunn,0ABk515kENDyATUdpCKVfW,67,580442,hip hop
Whitney Houston,6XpaIBNiVzIetEPCWDvAFP,76,9933507,pop
Wisin,3E6xrwgnVfYCrCs0ePERDz,75,8996502,urbano latino
Wisin & Yandel,1wZtkThiXbVNtj6hee6dz9,79,7111929,urbano latino
Wiz Khalifa,137W8MRPWKqSmrBGDBFSop,81,10920352,rap
Wu-Tang Clan,34EP7KEpOjXcM2TCat1ISk,67,3061944,rap
Wyatt Flores,46lEQmDJLJeyltECJYJv1Y,65,195897,modern country pop
X Ambassadors,3NPpFNZtSTHheNBaWC82rB,72,2977580,modern rock
XXXTENTACION,15UsOTVnJzReFVN1VCnxy4,86,44262126,rap
YG,0A0FS04o6zMoto8OKPsDwY,72,3232441,rap
YNW Melly,1cNDP5yjU5vjeR8qMf4grg,73,10297408,rap
YOVNGCHIMI,4aSlfXDn9R60UlbZEboBUy,76,842774,urbano latino
YUNGBLUD,6Ad91Jof8Niiw0lGLLi3NW,68,2257116,rock
Yandel,0eHQ9o50hj6ZDNBt6Ys1sD,79,7474153,urbano latino
Yo Gotti,6Ha4aES39QiVjR0L2lwuwq,64,4298261,rap
Young Dolph,3HiuzBlSW7pGDXlSFMhO2g,72,2833676,rap
Young Miko,3qsKSpcV3ncke3hw52JSMB,82,2760421,urbano latino
Young Nudy,5yPzzu25VzEk8qrGTLIrE1,71,1443435,rap
Young Thug,50co4Is1HCEo8bhOyUWKpn,84,9738615,rap
Young the Giant,4j56EQDQu5XnL7R3E9iFJT,67,1553069,pov: indie
YoungBoy Never Broke Again,7wlFDEWiM5OoIAt8RSli8b,82,12499834,rap
Yung Joc,23LbwefIODbyGdRbAz3urj,63,802711,trap
Yuridia,5B8ApeENp4bE4EE3LI8jK2,75,4300590,latin pop
ZAYN,5ZsFI1h6hIdQRw2ti0hz81,77,22797166,pop
ZZ Top,2AM4ilv6UzW0uMRuqKtDgN,70,4268836,rock
Zac Brown Band,6yJCxee7QumYr820xdIsjo,72,3743455,contemporary country
Zach Williams,6g10GEtmIVqIQBhPZh4ScQ,62,400452,ccm
Zara Larsson,1Xylc3o4UrD53lo9CvFvVg,78,10379591,pop
Zedd,2qxJFvFYMEDqd7ui6kSAcq,74,5872043,pop
Zendaya,6sCbFbEjbYepqswM1vWjjs,69,4577607,pop
Zion,1pgDilWYDWLoOgGjf1iHNu,74,4034901,urbano latino
Zion & Lennox,21451j1KhjAiaYKflxBjr1,75,7508031,urbano latino
alt-J,3XHO7cRUPCLOr6jwp8vsx5,71,3241143,rock
beabadoobee,35l9BRT7MXmM8bv2WDQiyB,77,3340122,pov: indie
benny blanco,5CiGnKThu5ctn9pBxv7DGa,73,1137746,pop
blackbear,2cFrymmkijnjDg9SS92EPM,74,4924634,pop
blink-182,6FBDaR13swtiWwGhX1WQsP,79,8091286,rock
boygenius,1hLiboQ98IQWhpKeP9vRFw,69,862029,indie pop
deadmau5,2CIMQHirSU0MQqyYHq0eOx,67,2751676,pop dance
for KING & COUNTRY,3sDbKMebVH2VYcRSl7u1VC,65,1225526,ccm
girl in red,3uwAm6vQy7kWPS2bciKWx9,75,7085867,pov: indie
salvia palth,0pg0Zm8FsGAYy5kdHuBnSo,69,1062411,pov: indie
will.i.am,085pc2PYOi8bGKj0PNjekA,73,4085754,pop
Ángela Aguilar,3abT87tqQ4Q5PA5nw6CYyH,71,883989,musica mexicana
Ñengo Flow,12vb80Km0Ew53ABfJOepVz,80,5756332,urbano latino
